Word Count,Title,Post Id,Date,Compiled By
66,Aparajita - 1,7607,2019-10-11,Pritha Kundu
28,Andhatamisra,7625,2019-10-18,Pritha Kundu
18,Abhimanyu - 4,7641,2019-10-28,Pritha Kundu
38,Antara,7658,2019-10-29,Pritha Kundu
31,Amitadhvaja - 1,7694,2019-10-31,Pritha Kundu
34,Aparajita - 2,7609,2019-10-11,Pritha Kundu
36,Andhara,7627,2019-10-18,Pritha Kundu
54,Abhimitra,7643,2019-10-28,Pritha Kundu
86,Antaratma,7660,2019-10-29,Pritha Kundu
59,Andhakaraka- 1 (Andhakara-desa),7611,2019-10-17,Pritha Kundu
40,Andhonatirtha,7629,2019-10-18,Pritha Kundu
63,Abhiyu,7645,2019-10-28,Pritha Kundu
10,Antakrit,7662,2019-10-29,Pritha Kundu
61,Andhakaraka - 2,7613,2019-10-17,Pritha Kundu
16,Antahsira(Antahsila),7631,2019-10-18,Pritha Kundu
2,Abhiyuktakshik,7647,2019-10-28,Pritha Kundu
54,Antaka - 1,7598,2019-10-08,Pritha Kundu
17,Andhakaraka - 3,7617,2019-10-17,Pritha Kundu
21,Abhimanyu - 2,7633,2019-10-18,Pritha Kundu
37,Abhiyukta,7649,2019-10-28,Pritha Kundu
38,Antaka - 2,7600,2019-10-08,Pritha Kundu
15,Andhakupa,7619,2019-10-17,Pritha Kundu
17,Abhimanyu - 3,7635,2019-10-18,Pritha Kundu
39,Abhijit - 1,7652,2019-10-28,Pritha Kundu
20,Aparajita - 6,7602,2019-10-08,Pritha Kundu
25,Andhakeswaratirtha,7621,2019-10-17,Pritha Kundu
75,Andhaka- 3,7637,2019-10-21,Pritha Kundu
37,Antachara,7654,2019-10-29,Pritha Kundu
95,Amavasu - 1,7690,2019-10-31,Pritha Kundu
11,Aparajita - 7,7604,2019-10-08,Pritha Kundu
3,Andhagbhanu,7623,2019-10-17,Pritha Kundu
57,Andhaka - 6,7639,2019-10-21,Pritha Kundu
45,Antavasa,7656,2019-10-29,Pritha Kundu
4,Amavasu - 2,7692,2019-10-31,Pritha Kundu
46,Alimadra,6972,2019-06-27,Pritha Kundu
34,Ardhapanya,6974,2019-06-27,Pritha Kundu
21,Amvuka,7040,2019-07-12,Pritha Kundu
41,Amvikeya,7042,2019-07-12,Pritha Kundu
55,Amvughatasraddha,7044,2019-07-12,Pritha Kundu
42,Amvudhara,7046,2019-07-12,Pritha Kundu
22,Amvika,7048,2019-07-12,Pritha Kundu
31,Amvikatirtha,7050,2019-07-12,Pritha Kundu
68,Amvikavana,7052,2019-07-12,Pritha Kundu
21,Ambhonidhi,7054,2019-07-12,Pritha Kundu
11,Ambhoruha,7056,2019-07-12,Pritha Kundu
35,Ayogasiddhi,7058,2019-07-12,Pritha Kundu
115,Asmaka - 2,7060,2019-07-13,Pritha Kundu
22,Asmaka - 3,7062,2019-07-13,Pritha Kundu
32,Asmaki - 1,7064,2019-07-13,Pritha Kundu
29,Asmaki - 2,7066,2019-07-13,Pritha Kundu
31,Ashtaka - 2,7068,2019-07-13,Pritha Kundu
30,Ashtaka - 1,7070,2019-07-13,Pritha Kundu
3,Ashtaka - 2,7072,2019-07-13,Pritha Kundu
93,Ashtavakra - 2,7074,2019-07-13,Pritha Kundu
26,Alaka,7076,2019-07-13,Pritha Kundu
48,Alakatirtha,7078,2019-07-13,Pritha Kundu
107,Amvumati,7080,2019-07-14,Pritha Kundu
53,Amlunadi,7082,2019-07-14,Pritha Kundu
33,Ayahpana,7084,2019-07-14,Pritha Kundu
72,Ayahsanku - 1,7086,2019-07-14,Pritha Kundu
12,Ayahsanku - 2,7088,2019-07-14,Pritha Kundu
12,Ayahsiras - 2(Ayahsira),7090,2019-07-14,Pritha Kundu
32,Ayavaha,7093,2019-07-14,Pritha Kundu
81,Ayahsiras - 1(Ayahsira),7095,2019-07-14,Pritha Kundu
23,Abhumi - 1,7098,2019-07-19,Pritha Kundu
21,Abhumi - 2,7101,2019-07-19,Pritha Kundu
14,Amatsyasi,7103,2019-07-19,Pritha Kundu
15,Abhrama,7105,2019-07-19,Pritha Kundu
43,Abhramu,7107,2019-07-19,Pritha Kundu
107,Amara - 1,7109,2019-07-19,Pritha Kundu
19,Amara - 2,7111,2019-07-19,Pritha Kundu
32,Amara - 3,7113,2019-07-19,Pritha Kundu
40,Augaja,7115,2019-07-20,Pritha Kundu
15,Auttama,7117,2019-07-20,Pritha Kundu
32,Aunka,7119,2019-07-20,Pritha Kundu
3,Augraseni,7121,2019-07-20,Pritha Kundu
3,Aughavati,7123,2019-07-20,Pritha Kundu
2,Autkacheya,7125,2019-07-20,Pritha Kundu
74,Aucheya,7127,2019-07-20,Pritha Kundu
11,Aundra,7129,2019-07-20,Pritha Kundu
44,Audaka,7136,2019-07-22,Pritha Kundu
30,Audarya,7138,2019-07-22,Pritha Kundu
3,Autkarshteya,7140,2019-07-22,Pritha Kundu
36,Aukshi,7142,2019-07-22,Pritha Kundu
248,Alakananda,7144,2019-07-24,Pritha Kundu
54,Alola,7146,2019-07-24,Pritha Kundu
22,Asira,7148,2019-07-24,Pritha Kundu
18,Aswataratirtha,7150,2019-07-24,Pritha Kundu
22,Aswatirtha - 2,7152,2019-07-24,Pritha Kundu
45,Asokashtami,7154,2019-07-24,Pritha Kundu
71,Aswa - 3,7156,2019-07-24,Pritha Kundu
32,Asani - 1,7158,2019-07-27,Pritha Kundu
65,Asani - 2,7160,2019-07-27,Pritha Kundu
71,Asija,7163,2019-07-27,Pritha Kundu
30,Asaniprabha,7165,2019-07-27,Pritha Kundu
49,Alimana,7167,2019-07-27,Pritha Kundu
23,Asoka -2,7169,2019-07-27,Pritha Kundu
95,Aswatara - 2,7191,2019-08-01,Pritha Kundu
19,Aswatirtha - 3,7193,2019-08-01,Pritha Kundu
38,Amva - 3,7199,2019-08-02,Pritha Kundu
100,Amva - 4,7201,2019-08-02,Pritha Kundu
22,Amvika - 2,7203,2019-08-02,Pritha Kundu
59,Arishtanemi - 1,7205,2019-08-02,Pritha Kundu
134,Aruna-Varuna sangama,7207,2019-08-02,Pritha Kundu
133,Asoka - 3,7234,2019-08-03,Pritha Kundu
78,Asoka - 4,7236,2019-08-03,Pritha Kundu
64,Ayonisangama/Ayonisambhava,7238,2019-08-04,Pritha Kundu
70,Ayovahu,7240,2019-08-04,Pritha Kundu
2,Ayobhuja,7242,2019-08-04,Pritha Kundu
45,Arunaspadatirtha,7252,2019-08-06,Pritha Kundu
3,Aruni,7254,2019-08-06,Pritha Kundu
17,Arunisatirtha,7256,2019-08-06,Pritha Kundu
25,Arvaka - 1,7258,2019-08-06,Pritha Kundu
54,Arvaka - 2,7260,2019-08-06,Pritha Kundu
39,Arvavasu - 1,7262,2019-08-06,Pritha Kundu
77,Arka - 10,7264,2019-08-07,Pritha Kundu
150,Aruna-Saraswatisangama,7266,2019-08-07,Pritha Kundu
38,Aushajiti,7269,2019-08-15,Pritha Kundu
54,Aushtrakarna,7271,2019-08-15,Pritha Kundu
37,Aushnika,7273,2019-08-15,Pritha Kundu
243,Arka - 1,7277,2019-08-17,Pritha Kundu
80,Asoka - 5,7280,2019-08-17,Pritha Kundu
59,Asoka - 6,7282,2019-08-17,Pritha Kundu
48,Oshadhiprastha,7284,2019-08-17,Pritha Kundu
39,Avataudanaraka,7286,2019-08-18,Pritha Kundu
107,Avdurga,7288,2019-08-18,Pritha Kundu
10,Aparakunti,7290,2019-08-18,Pritha Kundu
9,Aparakutta,7292,2019-08-18,Pritha Kundu
33,Aparapallava (Aparavallava),7294,2019-08-18,Pritha Kundu
31,Aparamleccha,7296,2019-08-18,Pritha Kundu
46,Aparaseka,7298,2019-08-18,Pritha Kundu
106,Amogha - 1,7300,2019-08-20,Pritha Kundu
63,Amogha - 2,7302,2019-08-20,Pritha Kundu
6,Amogha - 3,7304,2019-08-20,Pritha Kundu
21,Amogha - 4,7306,2019-08-20,Pritha Kundu
136,Amogha - 5,7308,2019-08-20,Pritha Kundu
68,Amoghartha,7310,2019-08-20,Pritha Kundu
150,Ayasya,7337,2019-08-24,Pritha Kundu
75,Ayutanayin (Ayutanayi),7339,2019-08-24,Pritha Kundu
154,Ayajna,7341,2019-08-24,Pritha Kundu
23,Amitaswa,7375,2019-08-26,Pritha Kundu
20,Amitraha,7377,2019-08-26,Pritha Kundu
34,Amitabha 1,7379,2019-08-26,Pritha Kundu
40,Amitabha 2,7381,2019-08-26,Pritha Kundu
11,Amrita 1,7384,2019-08-26,Pritha Kundu
27,Ahita,7387,2019-08-27,Pritha Kundu
47,Ojistha,7389,2019-08-27,Pritha Kundu
32,Ojastejodyutidhara,7391,2019-08-27,Pritha Kundu
10,Unmattabeṣaprachanna,7393,2019-08-27,Pritha Kundu
14,Unmatta 2,7395,2019-08-27,Pritha Kundu
18,Indrapada 2,7399,2019-08-28,Pritha Kundu
3,Isana 1,7401,2019-08-28,Pritha Kundu
28,Ishana 2,7403,2019-08-28,Pritha Kundu
2,Indrabati,7408,2019-08-28,Pritha Kundu
27,Ilabarta,7409,2019-08-28,Pritha Kundu
4,Anwindratirtha,7413,2019-09-05,Pritha Kundu
21,Anya - 1,7415,2019-09-05,Pritha Kundu
30,Anya - 2,7417,2019-09-05,Pritha Kundu
41,Anyagochari,7419,2019-09-05,Pritha Kundu
47,Anyadrik,7421,2019-09-05,Pritha Kundu
46,Anyadriksha,7423,2019-09-05,Pritha Kundu
3,Anyayat,7425,2019-09-05,Pritha Kundu
39,Apahpana,7429,2019-09-05,Pritha Kundu
29,Avadhuta - 1,7435,2019-09-08,Pritha Kundu
22,Avadhuta - 2,7437,2019-09-08,Pritha Kundu
20,Avadhuta - 3,7439,2019-09-08,Pritha Kundu
12,Anna - 2,7441,2019-09-08,Pritha Kundu
25,Amurtarayas - 2 (Amurtaraya),7443,2019-09-13,Pritha Kundu
32,Amurtarayas -3 (Amurtaraya),7445,2019-09-13,Pritha Kundu
30,Amurtarayas - 4 (Amurtaraya),7447,2019-09-13,Pritha Kundu
17,Apasyanta,7449,2019-09-13,Pritha Kundu
161,Apasavya,7452,2019-09-16,Pritha Kundu
14,Apamnidhi,7454,2019-09-16,Pritha Kundu
80,Apamsu,7457,2019-09-16,Pritha Kundu
49,Apamprapatanatirtha,7459,2019-09-16,Pritha Kundu
26,Apaharini,7461,2019-09-16,Pritha Kundu
35,Apasyati,7463,2019-09-16,Pritha Kundu
33,Apasyausha,7466,2019-09-16,Pritha Kundu
37,Apagneya,7468,2019-09-16,Pritha Kundu
35,Apandu,7470,2019-09-16,Pritha Kundu
25,Apana - 2,7472,2019-09-16,Pritha Kundu
71,Aparakasi,7475,2019-09-19,Pritha Kundu
66,Aparadwaraka,7477,2019-09-19,Pritha Kundu
126,Aparananda,7479,2019-09-19,Pritha Kundu
70,Annakuta,7481,2019-09-19,Pritha Kundu
92,Annaja,7483,2019-09-19,Pritha Kundu
35,Annatirtha,7485,2019-09-19,Pritha Kundu
37,Apattana,7487,2019-09-21,Pritha Kundu
9,Apatha,7489,2019-09-21,Pritha Kundu
35,Apapravarana,7491,2019-09-21,Pritha Kundu
243,Isanadhyushita,7495,2019-09-23,Pritha Kundu
13,Isana - 3,7516,2019-09-23,Pritha Kundu
103,Apara,7522,2019-09-23,Pritha Kundu
47,Upaka,7526,2019-09-24,Pritha Kundu
263,Apyayana - 2,4824,2018-12-29,Pritha Kundu
280,Aditya - 2,4926,2018-11-30,Pritha Kundu
70,Aptoryama,5189,2018-12-29,Pritha Kundu
148,Abhira - 2,5192,2018-12-29,Pritha Kundu
278,Isa - 1,5204,2018-11-27,Pritha Kundu
225,Iravati - 3,5215,2018-11-18,Pritha Kundu
161,Itihasa - 2,5217,2018-11-18,Pritha Kundu
341,Itihasa - 1,5218,2018-11-18,Pritha Kundu
68,U,5227,2018-11-22,Pritha Kundu
50,Uru - 1,5229,2018-11-22,Pritha Kundu
42,Uru - 2,5231,2018-11-22,Pritha Kundu
29,Urja - 1,5233,2018-11-22,Pritha Kundu
27,Urja - 3,5235,2018-11-22,Pritha Kundu
45,Urja - 4,5241,2018-11-23,Pritha Kundu
16,Urja - 5,5243,2018-11-23,Pritha Kundu
23,Urja - 6,5248,2018-11-23,Pritha Kundu
45,Urja - 7,5250,2018-11-23,Pritha Kundu
160,Urja - 2,5253,2018-11-24,Pritha Kundu
30,Urja - 8,5256,2018-11-24,Pritha Kundu
36,Urja - 9,5258,2018-11-24,Pritha Kundu
37,Urja - 10,5260,2018-11-24,Pritha Kundu
4,Urja - 11,5262,2018-11-24,Pritha Kundu
20,Urjaketu,5264,2018-11-24,Pritha Kundu
7,Urjavaha - 1,5266,2018-11-24,Pritha Kundu
51,Urjavaha - 2,5269,2018-11-25,Pritha Kundu
31,Urjayoni,5271,2018-11-25,Pritha Kundu
19,Urjasri,5273,2018-11-25,Pritha Kundu
48,Urjasvati - 1,5275,2018-11-25,Pritha Kundu
39,Urjasvati - 2,5277,2018-11-25,Pritha Kundu
14,Urjasvi - 1,5279,2018-11-25,Pritha Kundu
16,Urjasvi - 2,5281,2018-11-25,Pritha Kundu
9,Urjita - 1,5283,2018-11-25,Pritha Kundu
170,Urjita - 2,5286,2018-11-27,Pritha Kundu
13,Urjitasasana,5288,2018-11-27,Pritha Kundu
157,Urjja - 1,5290,2018-11-27,Pritha Kundu
26,Urjja - 2,5294,2018-11-27,Pritha Kundu
48,Urna,5303,2018-11-28,Pritha Kundu
18,Urnanabha,5305,2018-11-28,Pritha Kundu
39,Urnanabha - 2,5307,2018-11-28,Pritha Kundu
39,Urnanabhi,5309,2018-11-28,Pritha Kundu
238,Aditya -5,5312,2018-11-30,Pritha Kundu
381,Aditya - 4,5314,2018-11-30,Pritha Kundu
37,Urna - 1,5318,2018-12-08,Pritha Kundu
22,Urna - 2,5320,2018-12-08,Pritha Kundu
65,Urna - 3,5322,2018-12-08,Pritha Kundu
79,Urnayu,5324,2018-12-08,Pritha Kundu
24,Urnasa,5326,2018-12-08,Pritha Kundu
23,Urdhva - 1,5328,2018-12-08,Pritha Kundu
73,Urdhva - 2,5331,2018-12-08,Pritha Kundu
27,Urdhvaketu,5333,2018-12-08,Pritha Kundu
25,Urdhvaga - 1,5335,2018-12-08,Pritha Kundu
58,Urdhvaga - 2,5337,2018-12-08,Pritha Kundu
33,Urdhvadrishti,5342,2018-12-09,Pritha Kundu
27,Urdhvavahu - 1,5344,2018-12-09,Pritha Kundu
41,Urdhvavahu - 2,5346,2018-12-09,Pritha Kundu
17,Urdhvavahu - 3,5348,2018-12-09,Pritha Kundu
25,Urdhvavahu - 4,5350,2018-12-09,Pritha Kundu
35,Urdhvavahu - 5,5352,2018-12-09,Pritha Kundu
25,Urdhvavenidhara,5354,2018-12-09,Pritha Kundu
19,Urdhvamanu,5356,2018-12-09,Pritha Kundu
21,Urdhvaroma,5360,2018-12-11,Pritha Kundu
27,Urdhvalinga,5362,2018-12-11,Pritha Kundu
23,Urdhvasayi,5364,2018-12-11,Pritha Kundu
12,Urvasilingatirtha,5366,2018-12-11,Pritha Kundu
22,Urmi,5368,2018-12-11,Pritha Kundu
13,Urmimali,5370,2018-12-11,Pritha Kundu
25,Urdhvayana,5372,2018-12-11,Pritha Kundu
115,Urdhvagatma,5375,2018-12-12,Pritha Kundu
51,Urdhvasamhanana,5377,2018-12-12,Pritha Kundu
152,Ushmapa - 1,5379,2018-12-12,Pritha Kundu
38,Ushmapa - 2,5381,2018-12-12,Pritha Kundu
32,Ushmaya,5383,2018-12-12,Pritha Kundu
337,Urmila,5385,2018-12-13,Pritha Kundu
46,Usija,5387,2018-12-13,Pritha Kundu
69,Ri,5389,2018-12-13,Pritha Kundu
100,Riksahasramitekshana,5391,2018-12-13,Pritha Kundu
45,Rik,5402,2018-12-15,Pritha Kundu
234,Riksha - 1,5404,2018-12-15,Pritha Kundu
63,Riksha - 2,5406,2018-12-15,Pritha Kundu
88,Riksha - 3,5408,2018-12-15,Pritha Kundu
45,Riksha - 4,5411,2018-12-16,Pritha Kundu
25,Riksha - 5,5413,2018-12-16,Pritha Kundu
48,Riksha - 6,5415,2018-12-16,Pritha Kundu
50,Rikshadeva,5419,2018-12-16,Pritha Kundu
15,Riksha - 1,5421,2018-12-16,Pritha Kundu
23,Riksha - 2,5423,2018-12-16,Pritha Kundu
12,Richi - 1,5425,2018-12-16,Pritha Kundu
24,Richi - 2,5427,2018-12-16,Pritha Kundu
14,Ritavandhu,5429,2018-12-16,Pritha Kundu
14,Ritudhama,5431,2018-12-16,Pritha Kundu
34,Rithu,5439,2018-12-17,Pritha Kundu
32,Riddha,5441,2018-12-17,Pritha Kundu
9,Riddhiman,5443,2018-12-17,Pritha Kundu
32,Ritambhara,5445,2018-12-18,Pritha Kundu
36,Ritasavarni,5447,2018-12-18,Pritha Kundu
40,Ritudhrik,5449,2018-12-18,Pritha Kundu
23,Ritusthala,5451,2018-12-18,Pritha Kundu
41,Riteyu - 1,5453,2018-12-18,Pritha Kundu
1,Riteyu - 2,5455,2018-12-18,Pritha Kundu
1,Riteshu,5457,2018-12-18,Pritha Kundu
77,Richika - 2,5459,2018-12-20,Pritha Kundu
32,Richika - 3,5461,2018-12-20,Pritha Kundu
8,Richika - 4,5463,2018-12-20,Pritha Kundu
33,Richika - 5,5465,2018-12-20,Pritha Kundu
33,Richika - 6,5467,2018-12-20,Pritha Kundu
3,Rijudaya,5469,2018-12-20,Pritha Kundu
3,Rijudasa,5471,2018-12-20,Pritha Kundu
31,Rita - 4,5473,2018-12-22,Pritha Kundu
27,Rita - 5,5475,2018-12-22,Pritha Kundu
40,Rita - 6,5477,2018-12-22,Pritha Kundu
26,Rita - 7,5479,2018-12-22,Pritha Kundu
26,Rita - 8,5481,2018-12-22,Pritha Kundu
36,Rita - 9,5483,2018-12-22,Pritha Kundu
19,Rita - 10,5485,2018-12-22,Pritha Kundu
7,Rita - 11,5487,2018-12-22,Pritha Kundu
37,Rita - 12,5515,2018-12-29,Pritha Kundu
48,Ritajit - 1,5517,2018-12-29,Pritha Kundu
34,Ritajit - 2,5520,2018-12-29,Pritha Kundu
22,Ritanjaya,5524,2018-12-29,Pritha Kundu
27,Ritadhama - 1,5526,2018-12-29,Pritha Kundu
210,Riksharaja (Riksharajas),5528,2018-12-29,Pritha Kundu
376,Asandi,5532,2018-12-30,Pritha Kundu
204,Ushninabha,5536,2018-12-30,Pritha Kundu
75,Ushnishi,5538,2018-12-31,Pritha Kundu
31,Ushnadesa,5540,2018-12-31,Pritha Kundu
21,Ritana,5566,2019-01-04,Pritha Kundu
40,Ritadhama,5568,2019-01-04,Pritha Kundu
36,Rinatirtha,5570,2019-01-04,Pritha Kundu
3,Rinavat,5572,2019-01-04,Pritha Kundu
52,Rinavan,5574,2019-01-04,Pritha Kundu
22,Rinamokshatirtha,5576,2019-01-04,Pritha Kundu
19,Rinamochanatirtha - 1,5578,2019-01-04,Pritha Kundu
99,Rinamochanatirtha - 3,5580,2019-01-04,Pritha Kundu
54,Rinamochanatirtha - 2,5585,2019-01-04,Pritha Kundu
53,Rita -2,5588,2019-01-07,Pritha Kundu
18,Rita - 3,5590,2019-01-07,Pritha Kundu
34,Ritu - 1,5592,2019-01-07,Pritha Kundu
25,Ritva,5594,2019-01-07,Pritha Kundu
42,Rithu,5596,2019-01-07,Pritha Kundu
29,Riddha,5598,2019-01-07,Pritha Kundu
58,Riddhi,5600,2019-01-07,Pritha Kundu
20,Rinamochanatirtha,5602,2019-01-07,Pritha Kundu
38,Rishabha - 2,5604,2019-01-08,Pritha Kundu
51,Rishabha - 3,5606,2019-01-08,Pritha Kundu
48,Rishabha - 4,5608,2019-01-08,Pritha Kundu
38,Rishabha - 5,5611,2019-01-08,Pritha Kundu
60,Rishabha - 6,5613,2019-01-08,Pritha Kundu
35,Rishabha - 7,5616,2019-01-08,Pritha Kundu
65,Rishabha - 8,5618,2019-01-08,Pritha Kundu
21,Rishabha - 9,5620,2019-01-08,Pritha Kundu
21,Rishabha - 10,5622,2019-01-08,Pritha Kundu
35,Rishabha - 10,5624,2019-01-08,Pritha Kundu
17,Rishabha - 12,5626,2019-01-08,Pritha Kundu
42,Rishabha - 13,5628,2019-01-08,Pritha Kundu
49,Rishabha -14,5662,2019-01-11,Pritha Kundu
29,Rishabha - 15,5664,2019-01-11,Pritha Kundu
23,Rishabha - 16,5666,2019-01-11,Pritha Kundu
37,Rishabha - 21,5669,2019-01-14,Pritha Kundu
41,Rishabha - 18,5671,2019-01-14,Pritha Kundu
130,Rishabha - 19,5673,2019-01-14,Pritha Kundu
155,Rishabha - 20,5675,2019-01-14,Pritha Kundu
59,Rishabha - 17,5677,2019-01-15,Pritha Kundu
43,Rishabha - 22,5679,2019-01-15,Pritha Kundu
33,Rishabha - 23,5681,2019-01-15,Pritha Kundu
50,Rishabha - 24,5683,2019-01-15,Pritha Kundu
26,Rishika - 1,5685,2019-01-15,Pritha Kundu
4,Rishika - 2,5687,2019-01-15,Pritha Kundu
44,Rishikanyatirtha,5690,2019-01-16,Pritha Kundu
52,Risha,5693,2019-01-16,Pritha Kundu
61,Rishija,5695,2019-01-16,Pritha Kundu
34,Rishitirtha,5697,2019-01-16,Pritha Kundu
36,Rishiputra,5699,2019-01-16,Pritha Kundu
67,Rishivasa,5701,2019-01-16,Pritha Kundu
47,Rishisatra,5703,2019-01-16,Pritha Kundu
35,Rishya,5727,2019-01-17,Pritha Kundu
58,Rishyanta,5729,2019-01-17,Pritha Kundu
111,Rishikulya,5738,2019-01-20,Pritha Kundu
59,Rishabhaskandha,5741,2019-01-21,Pritha Kundu
46,Rishabha -29,5743,2019-01-21,Pritha Kundu
56,Rishabha - 31,5768,2019-01-23,Pritha Kundu
245,Ritu - 2,5770,2019-01-23,Pritha Kundu
405,Rishabha - 1,5772,2019-01-23,Pritha Kundu
244,Richeyu,5778,2019-01-25,Pritha Kundu
269,Ritavak,5780,2019-01-25,Pritha Kundu
306,Rishyamuka,5784,2019-01-25,Pritha Kundu
550,Rishyasringa - 1,5792,2019-01-25,Pritha Kundu
52,Rishyasringa- 2,5794,2019-01-30,Pritha Kundu
10,Apramatta,6425,2019-04-12,Pritha Kundu
11,Aprameyatma,6427,2019-04-12,Pritha Kundu
36,Apratiratha - 1,6430,2019-04-14,Pritha Kundu
11,Apratishtha,6432,2019-04-14,Pritha Kundu
46,Apratipi,6434,2019-04-14,Pritha Kundu
19,Apramada,6436,2019-04-14,Pritha Kundu
73,Apsaresatirtha,6438,2019-04-14,Pritha Kundu
71,Apsaraganasevita,6440,2019-04-14,Pritha Kundu
29,Apsujata,6442,2019-04-14,Pritha Kundu
23,Apsuhomya,6444,2019-04-14,Pritha Kundu
3,Avbhaksha - 1,6447,2019-04-14,Pritha Kundu
17,Aravinda,6449,2019-04-14,Pritha Kundu
24,Aravindaksha,6451,2019-04-14,Pritha Kundu
45,Arishta -2,6453,2019-04-15,Pritha Kundu
44,Arishta -3,6455,2019-04-15,Pritha Kundu
22,Arishta -4,6457,2019-04-15,Pritha Kundu
11,Arishta - 5,6459,2019-04-15,Pritha Kundu
34,Arishta - 6,6461,2019-04-15,Pritha Kundu
23,Arishta - 7,6464,2019-04-16,Pritha Kundu
52,Arimejaya -1,6466,2019-04-16,Pritha Kundu
24,Arimejaya - 2,6468,2019-04-16,Pritha Kundu
40,Arimardana - 3,6470,2019-04-16,Pritha Kundu
50,Ari,6472,2019-04-16,Pritha Kundu
23,Arija,6474,2019-04-16,Pritha Kundu
18,Arijit,6476,2019-04-16,Pritha Kundu
36,Arinjaya,6478,2019-04-16,Pritha Kundu
19,Arimardana - 2,6480,2019-04-16,Pritha Kundu
33,Arimardana - 2,6482,2019-04-16,Pritha Kundu
24,Aralakeswara,6484,2019-04-16,Pritha Kundu
54,Arali,6486,2019-04-16,Pritha Kundu
46,Aswagriva,6489,2019-04-17,Pritha Kundu
41,Aswagriva - 3,6491,2019-04-17,Pritha Kundu
0,Aswagriva - 4,6493,2019-04-17,Pritha Kundu
26,Aswagriva - 5,6495,2019-04-17,Pritha Kundu
35,Aswajit,6497,2019-04-17,Pritha Kundu
3,Aswamedhaja,6499,2019-04-17,Pritha Kundu
91,Aswamedhadatta,6501,2019-04-18,Pritha Kundu
56,Aswayu,6503,2019-04-18,Pritha Kundu
62,Aswaratha,6505,2019-04-18,Pritha Kundu
23,Aswasanku,6507,2019-04-18,Pritha Kundu
73,Aswasira - 1 (Aswasiras),6509,2019-04-18,Pritha Kundu
62,Arantuka,6511,2019-04-18,Pritha Kundu
262,Arishta - 1,6513,2019-04-22,Pritha Kundu
86,Arishtanemi - 5,6516,2019-04-22,Pritha Kundu
47,Arishtanemi - 6,6518,2019-04-22,Pritha Kundu
125,Arishtanemi - 7,6520,2019-04-22,Pritha Kundu
45,Arishtanemi - 8,6522,2019-04-22,Pritha Kundu
34,Arishtanemi -9,6524,2019-04-22,Pritha Kundu
36,Arishtanemi - 10,6527,2019-04-22,Pritha Kundu
13,Arishtanemi - 12,6529,2019-04-22,Pritha Kundu
52,Arishtanemi -11,6532,2019-04-22,Pritha Kundu
33,Arishtanemi - 13,6534,2019-04-22,Pritha Kundu
56,Arishtanemi - 3,6536,2019-04-22,Pritha Kundu
68,Arishtasena,6539,2019-04-23,Pritha Kundu
59,Arishta,6543,2019-04-23,Pritha Kundu
52,Aswaprabha,6547,2019-04-26,Pritha Kundu
23,Aswapadatirtha,6550,2019-04-26,Pritha Kundu
12,Aswavati,6552,2019-04-26,Pritha Kundu
51,Aswavaha,6554,2019-04-26,Pritha Kundu
3,Aswavahu,6556,2019-04-26,Pritha Kundu
23,Aswamitra,6558,2019-04-26,Pritha Kundu
40,Aswamukha,6560,2019-04-26,Pritha Kundu
32,Aswatthama - 2,6562,2019-04-26,Pritha Kundu
19,Aswatthama - 3,6564,2019-04-29,Pritha Kundu
172,Aswanadi,6574,2019-04-29,Pritha Kundu
29,Alepakatirtha,6579,2019-04-29,Pritha Kundu
25,Alatakshi,6581,2019-04-29,Pritha Kundu
22,Alipindaka,6583,2019-04-29,Pritha Kundu
10,Aryati,6587,2019-04-29,Pritha Kundu
12,Arha,6589,2019-04-29,Pritha Kundu
73,Ayomukhi - 1,6592,2019-05-04,Pritha Kundu
27,Ayomukhi -2,6594,2019-05-04,Pritha Kundu
10,Ayomukhi - 3,6596,2019-05-04,Pritha Kundu
26,Aranya - 1,6598,2019-05-04,Pritha Kundu
11,Aranya - 2,6600,2019-05-04,Pritha Kundu
52,Ariha - 1,6602,2019-05-04,Pritha Kundu
69,Ariha - 2,6604,2019-05-07,Pritha Kundu
31,Ariha,6606,2019-05-07,Pritha Kundu
28,Aruja,6608,2019-05-07,Pritha Kundu
48,Ara,6610,2019-05-07,Pritha Kundu
23,Aranyasrota,6612,2019-05-07,Pritha Kundu
13,Asvasira - 3,6615,2019-05-16,Pritha Kundu
22,Aswasena,6617,2019-05-16,Pritha Kundu
64,Aswastanika,6619,2019-05-16,Pritha Kundu
23,Aswayu,6621,2019-05-16,Pritha Kundu
9,Aswarudha - 1,6623,2019-05-16,Pritha Kundu
10,Aswarudha - 2,6626,2019-05-16,Pritha Kundu
79,Aswataka,6628,2019-05-17,Pritha Kundu
34,Aswasya,6630,2019-05-17,Pritha Kundu
64,Aswinikumaratirtha,6633,2019-05-17,Pritha Kundu
28,Usiravindu,6635,2019-05-17,Pritha Kundu
15,Ushangu - 1,6637,2019-05-17,Pritha Kundu
21,Abhiti,6639,2019-05-20,Pritha Kundu
52,Abhiru,6641,2019-05-20,Pritha Kundu
3,Abhishaha,6643,2019-05-20,Pritha Kundu
15,Abhuh,6645,2019-05-20,Pritha Kundu
21,Amrita - 1,6647,2019-05-20,Pritha Kundu
34,Amrita - 2,6649,2019-05-22,Pritha Kundu
25,Amrita - 3,6651,2019-05-22,Pritha Kundu
21,Amrita - 4,6653,2019-05-22,Pritha Kundu
25,Amritasa,6655,2019-05-22,Pritha Kundu
24,Amritamsudbhava,6658,2019-05-22,Pritha Kundu
24,Amrityu,6660,2019-05-22,Pritha Kundu
25,Amritasi,6662,2019-05-22,Pritha Kundu
44,Amritaugha,6664,2019-05-22,Pritha Kundu
28,Ameyatma,6666,2019-05-22,Pritha Kundu
15,Amoghakshi,6668,2019-05-22,Pritha Kundu
24,Amogha - 1,6670,2019-05-22,Pritha Kundu
12,Amritapa,6672,2019-05-22,Pritha Kundu
12,Amritavapu,6674,2019-05-22,Pritha Kundu
24,Amritapa,6676,2019-05-22,Pritha Kundu
26,Aswa - 5,6678,2019-05-23,Pritha Kundu
27,Aswa - 6,6681,2019-05-23,Pritha Kundu
19,Aswakarna,6683,2019-05-23,Pritha Kundu
11,Aswakuta,6685,2019-05-23,Pritha Kundu
23,Aroga,6687,2019-05-23,Pritha Kundu
13,Araudra,6689,2019-05-23,Pritha Kundu
2,Arjuna - 2,6691,2019-05-23,Pritha Kundu
14,Arjuna - 3,6693,2019-05-23,Pritha Kundu
22,Ayama,6695,2019-05-24,Pritha Kundu
27,Ayuta - 1,6697,2019-05-24,Pritha Kundu
12,Ayuta - 2,6699,2019-05-24,Pritha Kundu
47,Ayutayu -1,6701,2019-05-24,Pritha Kundu
19,Ayutayu - 2,6703,2019-05-24,Pritha Kundu
45,Amarahrada,6705,2019-05-26,Pritha Kundu
13,Amaraprabhu,6707,2019-05-26,Pritha Kundu
28,Amaresatirtha - 1,6709,2019-05-26,Pritha Kundu
25,Amaresatirtha - 2,6711,2019-05-26,Pritha Kundu
31,Amareswara,6713,2019-05-26,Pritha Kundu
36,Amareswaragiri,6715,2019-05-26,Pritha Kundu
31,Amarka,6717,2019-05-26,Pritha Kundu
20,Amartta,6719,2019-05-26,Pritha Kundu
24,Amani,6721,2019-05-26,Pritha Kundu
33,Amitavikrama,6723,2019-05-26,Pritha Kundu
2,Amarshana,6725,2019-05-26,Pritha Kundu
2,Amitra,6727,2019-05-26,Pritha Kundu
33,Amahatha,6730,2019-05-28,Pritha Kundu
30,Amita - 1,6732,2019-05-28,Pritha Kundu
34,Amita - 2,6734,2019-05-28,Pritha Kundu
42,Amita - 3,6736,2019-05-28,Pritha Kundu
63,Aruna 3,6739,2019-05-29,Pritha Kundu
75,Aruna - 1,6743,2019-05-29,Pritha Kundu
47,Aruna - 4,6745,2019-05-29,Pritha Kundu
32,Archi - 2,6747,2019-05-29,Pritha Kundu
25,Archita,6749,2019-05-29,Pritha Kundu
25,Archishman,6751,2019-05-29,Pritha Kundu
23,Amitasana,6753,2019-05-29,Pritha Kundu
24,Amitasana,6755,2019-05-29,Pritha Kundu
56,Archirmalya,6757,2019-05-29,Pritha Kundu
13,Archishmati - 2,6759,2019-05-29,Pritha Kundu
32,Ali,6761,2019-05-29,Pritha Kundu
3,Asanika - 1,6763,2019-05-29,Pritha Kundu
20,Asanika - 2,6765,2019-05-29,Pritha Kundu
77,O,6777,2019-05-30,Pritha Kundu
3,Omkarapavana,6779,2019-05-30,Pritha Kundu
60,Omkarabhavana,6781,2019-05-30,Pritha Kundu
14,Omkareswaratirtha,6783,2019-05-30,Pritha Kundu
24,Ojas - 1,6785,2019-05-30,Pritha Kundu
16,Ojas - 2,6787,2019-05-30,Pritha Kundu
13,Ojah,6789,2019-05-30,Pritha Kundu
3,Odra,6791,2019-05-30,Pritha Kundu
2,Ailapatra,6793,2019-05-30,Pritha Kundu
2,Ailina,6795,2019-05-30,Pritha Kundu
3,Avbhaksha - 1,6797,2019-06-05,Pritha Kundu
45,Avbhaksha - 2,6800,2019-06-05,Pritha Kundu
3,Avagaha,6802,2019-06-05,Pritha Kundu
13,Avatanirodhana,6804,2019-06-05,Pritha Kundu
15,Avatoda,6806,2019-06-05,Pritha Kundu
27,Avadhya,6808,2019-06-05,Pritha Kundu
16,Avantika,6810,2019-06-05,Pritha Kundu
37,Avarati,6812,2019-06-05,Pritha Kundu
6,Avaragatra,6814,2019-06-05,Pritha Kundu
21,Avijnatagati,6817,2019-06-08,Pritha Kundu
104,Avighnatirtha,6819,2019-06-08,Pritha Kundu
28,Avala,6821,2019-06-08,Pritha Kundu
27,Avikara,6823,2019-06-08,Pritha Kundu
18,Avasphurya,6825,2019-06-08,Pritha Kundu
39,Avasavadha,6827,2019-06-08,Pritha Kundu
12,Avijnata,6829,2019-06-08,Pritha Kundu
17,Avariyana,6831,2019-06-08,Pritha Kundu
27,Avarodhana,6833,2019-06-08,Pritha Kundu
31,Avandhya,6835,2019-06-08,Pritha Kundu
36,Avabhrita,6837,2019-06-08,Pritha Kundu
77,Ama - 1,6839,2019-06-18,Pritha Kundu
50,Avindhya,6841,2019-06-12,Pritha Kundu
8,Avidheya,6844,2019-06-12,Pritha Kundu
25,Avisishta,6846,2019-06-12,Pritha Kundu
45,Avisthala,6848,2019-06-12,Pritha Kundu
38,Avikshita - 2,6850,2019-06-12,Pritha Kundu
32,Avikshita - 3,6852,2019-06-12,Pritha Kundu
3,Avichiman,6854,2019-06-12,Pritha Kundu
43,Avira,6856,2019-06-12,Pritha Kundu
25,Avyanga,6858,2019-06-12,Pritha Kundu
25,Abhidheyatma,6865,2019-06-12,Pritha Kundu
25,Abhipraya,6867,2019-06-12,Pritha Kundu
11,Anumati -1,6869,2019-06-17,Pritha Kundu
44,Anumati - 4,6872,2019-06-17,Pritha Kundu
107,Anumati -5,6875,2019-06-17,Pritha Kundu
52,Anumanta,6877,2019-06-17,Pritha Kundu
43,Anumlocha,6879,2019-06-17,Pritha Kundu
36,Anushna,6881,2019-06-17,Pritha Kundu
21,Anushni,6883,2019-06-17,Pritha Kundu
3,Anuhrada,6885,2019-06-17,Pritha Kundu
65,Ama - 2,6887,2019-06-18,Pritha Kundu
67,Amaraparvata,6890,2019-06-18,Pritha Kundu
24,Amurti,6892,2019-06-18,Pritha Kundu
23,Amurtiman,6894,2019-06-18,Pritha Kundu
39,Aruru,6896,2019-06-18,Pritha Kundu
44,Amarsha,6898,2019-06-18,Pritha Kundu
28,Amritavritti,6900,2019-06-18,Pritha Kundu
35,Archisana,6902,2019-06-18,Pritha Kundu
26,Arkamarka,6904,2019-06-18,Pritha Kundu
32,Arkasthalakunda,6906,2019-06-18,Pritha Kundu
21,Archishmanta,6908,2019-06-18,Pritha Kundu
90,Araja,6910,2019-06-19,Pritha Kundu
84,Aranisuta,6912,2019-06-19,Pritha Kundu
50,Aranya - 3,6914,2019-06-19,Pritha Kundu
63,Arka - 3,6916,2019-06-19,Pritha Kundu
28,Arka - 4,6918,2019-06-19,Pritha Kundu
54,Arka - 5,6920,2019-06-19,Pritha Kundu
41,Arka - 6,6922,2019-06-19,Pritha Kundu
24,Arka - 7,6924,2019-06-23,Pritha Kundu
51,Arka - 8,6926,2019-06-23,Pritha Kundu
47,Arka - 9,6928,2019-06-23,Pritha Kundu
26,Aruna - 10,6930,2019-06-23,Pritha Kundu
16,Aruna - 11,6932,2019-06-23,Pritha Kundu
58,Aruna - 13,6934,2019-06-23,Pritha Kundu
50,Aruna - 14,6936,2019-06-23,Pritha Kundu
99,Arkaja - 1,6938,2019-06-23,Pritha Kundu
29,Arthasiddhi,6941,2019-06-23,Pritha Kundu
24,Ardhacandratirtha,6943,2019-06-23,Pritha Kundu
36,Arupa,6945,2019-06-24,Pritha Kundu
42,Arupa,6947,2019-06-24,Pritha Kundu
37,Arupi,6949,2019-06-24,Pritha Kundu
39,Arkaja,6951,2019-06-24,Pritha Kundu
73,Aruna - 15,6953,2019-06-24,Pritha Kundu
158,Aruna - 2,6955,2019-06-25,Pritha Kundu
40,Aruna - 5,6957,2019-06-25,Pritha Kundu
66,Aruna - 6,6959,2019-06-25,Pritha Kundu
29,Arthasadhaka,6963,2019-06-27,Pritha Kundu
89,Ardana,6966,2019-06-27,Pritha Kundu
15,Ardhavahu,6968,2019-06-27,Pritha Kundu
25,Ardhamunda,6970,2019-06-27,Pritha Kundu
24,Rishyasringa - 3,5796,2019-01-30,Pritha Kundu
263,Indrapada - 1,5798,2019-01-30,Pritha Kundu
317,Rishabha - 27,5800,2019-01-30,Pritha Kundu
92,Rishabha - 25,5804,2019-01-30,Pritha Kundu
76,E (E-Kara),5806,2019-01-30,Pritha Kundu
27,Eka - 1,5808,2019-01-30,Pritha Kundu
12,Eka - 2,5810,2019-01-30,Pritha Kundu
46,Ekakarna,5812,2019-01-30,Pritha Kundu
54,Ekachakra,5814,2019-01-30,Pritha Kundu
29,Ekachandra,5837,2019-02-05,Pritha Kundu
26,Ekachuda,5839,2019-02-05,Pritha Kundu
39,Ekacchatra,5841,2019-02-05,Pritha Kundu
30,Ekatwacha,5844,2019-02-06,Pritha Kundu
23,Ekananda,5846,2019-02-06,Pritha Kundu
85,Ekaparna,5849,2019-02-06,Pritha Kundu
92,Ekapatala,5851,2019-02-06,Pritha Kundu
13,Ekapat,5853,2019-02-06,Pritha Kundu
17,Ekajata,5855,2019-02-07,Pritha Kundu
23,Ekapada - 2,5857,2019-02-07,Pritha Kundu
17,Ekapada - 3,5859,2019-02-07,Pritha Kundu
138,Ekaprishtha,5861,2019-02-07,Pritha Kundu
16,Ekavira - 1,5863,2019-02-07,Pritha Kundu
90,Ekavira - 2,5865,2019-02-07,Pritha Kundu
40,Ekavira - 3,5869,2019-02-07,Pritha Kundu
10,Ekalinga,5885,2019-02-09,Pritha Kundu
47,Ekasapha,5887,2019-02-09,Pritha Kundu
66,Ekalavya - 2,5889,2019-02-09,Pritha Kundu
74,Ekalavya - 3,5892,2019-02-09,Pritha Kundu
40,Ekaksha -1,5916,2019-02-12,Pritha Kundu
15,Ekaksha - 2,5918,2019-02-12,Pritha Kundu
15,Ekaksha - 3,5920,2019-02-12,Pritha Kundu
30,Ekakshi,5922,2019-02-12,Pritha Kundu
17,Ekatma,5924,2019-02-12,Pritha Kundu
27,Ekadasaratha,5926,2019-02-12,Pritha Kundu
78,Ekasringa - 1,5928,2019-02-12,Pritha Kundu
110,Ekasringa - 2,5930,2019-02-12,Pritha Kundu
27,Ekasringa - 3,5935,2019-02-12,Pritha Kundu
22,Ekananga,5957,2019-02-14,Pritha Kundu
40,Ekamraka,5959,2019-02-14,Pritha Kundu
26,Ekayana,5961,2019-02-14,Pritha Kundu
68,Ekarnava,5963,2019-02-14,Pritha Kundu
104,Ekahamsatirtha,5968,2019-02-18,Pritha Kundu
3,Elapatra,5977,2019-02-18,Pritha Kundu
18,Edi,5980,2019-02-19,Pritha Kundu
121,Eraka -1,5982,2019-02-19,Pritha Kundu
3,Elaparna,5984,2019-02-19,Pritha Kundu
3,Elaputra,5986,2019-02-19,Pritha Kundu
55,Elapura,5988,2019-02-19,Pritha Kundu
38,Elamukha,5990,2019-02-19,Pritha Kundu
124,Ekasringa,5993,2019-02-19,Pritha Kundu
91,Ekaparvata,5995,2019-02-20,Pritha Kundu
324,Ekata,5997,2019-02-20,Pritha Kundu
80,Urvasitirtha,6001,2019-02-20,Pritha Kundu
208,Riksha -8,6004,2019-02-21,Pritha Kundu
144,Rittwik,6006,2019-02-21,Pritha Kundu
183,Ekasana,6008,2019-02-22,Pritha Kundu
381,Ekadanta,6018,2019-02-22,Pritha Kundu
132,Ekapada - 1,6021,2019-02-22,Pritha Kundu
237,Elapatra,6027,2019-03-07,Pritha Kundu
260,Eduka,6029,2019-02-23,Pritha Kundu
84,Ahamyati,6046,2019-02-24,Pritha Kundu
32,Ahah - 1 (Ahan),6048,2019-02-24,Pritha Kundu
329,Rishi,6050,2019-02-24,Pritha Kundu
50,Ahah- 2,6052,2019-02-24,Pritha Kundu
13,Ahah - 3,6055,2019-02-24,Pritha Kundu
13,Ahahsamvartaka,6057,2019-02-24,Pritha Kundu
25,Ahita,6075,2019-02-25,Pritha Kundu
37,Ahara,6077,2019-02-25,Pritha Kundu
60,Ahala,6079,2019-02-25,Pritha Kundu
54,Ahinaka,6082,2019-02-25,Pritha Kundu
2,Ahinaga,6084,2019-02-25,Pritha Kundu
2,Ahinagu,6086,2019-02-25,Pritha Kundu
41,Ahovirya,6088,2019-02-25,Pritha Kundu
10,Ahoratra,6091,2019-02-25,Pritha Kundu
46,Aswasthala,6101,2019-02-28,Pritha Kundu
27,Aswaharya,6103,2019-02-28,Pritha Kundu
41,Ahimukhya,6108,2019-02-28,Pritha Kundu
32,Asita,6114,2019-03-04,Pritha Kundu
20,Asitoda,6116,2019-03-04,Pritha Kundu
81,Asipatravana,6118,2019-03-04,Pritha Kundu
15,Asisarpini,6122,2019-03-04,Pritha Kundu
24,Asipa,6124,2019-03-04,Pritha Kundu
65,Asiloma - 1,6126,2019-03-04,Pritha Kundu
23,Asiloma - 2,6128,2019-03-04,Pritha Kundu
23,Asukhada,6130,2019-03-04,Pritha Kundu
19,Asamamnaya,6132,2019-03-04,Pritha Kundu
23,Asammita,6134,2019-03-04,Pritha Kundu
24,Asakshi,6136,2019-03-04,Pritha Kundu
65,Ahimurchana,6159,2019-03-05,Pritha Kundu
133,Ahina - 1,6161,2019-03-05,Pritha Kundu
32,Ahina - 2,6164,2019-03-05,Pritha Kundu
64,Asamauja,6166,2019-03-05,Pritha Kundu
84,Asi,6176,2019-03-07,Pritha Kundu
140,Asnehana,6178,2019-03-07,Pritha Kundu
66,Asthipura,6181,2019-03-09,Pritha Kundu
43,Asuratha,6186,2019-03-09,Pritha Kundu
3,Asuraha,6188,2019-03-09,Pritha Kundu
30,Asurantaka,6190,2019-03-09,Pritha Kundu
21,Asoma,6192,2019-03-09,Pritha Kundu
24,Asamkhyeya,6194,2019-03-11,Pritha Kundu
49,Asakrit,6196,2019-03-11,Pritha Kundu
27,Asanga,6198,2019-03-11,Pritha Kundu
22,Asat -1,6200,2019-03-11,Pritha Kundu
42,Asat - 2,6202,2019-03-11,Pritha Kundu
29,Asama,6205,2019-03-11,Pritha Kundu
121,Asuya,6207,2019-03-12,Pritha Kundu
108,Asti,6211,2019-03-12,Pritha Kundu
154,Asurendranam vandhanah,6213,2019-03-12,Pritha Kundu
75,Asmadamsana,6232,2019-03-14,Pritha Kundu
3,Asmakutta (Asmakutti),6234,2019-03-14,Pritha Kundu
80,Asmaprishthatirtha,6236,2019-03-14,Pritha Kundu
59,Asmarathya,6238,2019-03-14,Pritha Kundu
10,Asija - 1,6240,2019-03-14,Pritha Kundu
47,Asija - 2,6242,2019-03-14,Pritha Kundu
12,Asmaki - 3,6244,2019-03-14,Pritha Kundu
60,Asikni - 2,6246,2019-03-14,Pritha Kundu
128,Asita - 1,6261,2019-03-18,Pritha Kundu
40,Asita - 2,6263,2019-03-18,Pritha Kundu
12,Asita - 3,6265,2019-03-18,Pritha Kundu
26,Antika,6267,2019-03-18,Pritha Kundu
59,Antevasayi,6269,2019-03-18,Pritha Kundu
39,Antya,6271,2019-03-18,Pritha Kundu
12,Antargirya,6273,2019-03-18,Pritha Kundu
7,Antardhana - 1,6275,2019-03-18,Pritha Kundu
44,Asita - 5,6277,2019-03-18,Pritha Kundu
82,Antardhana - 2,6279,2019-03-19,Pritha Kundu
125,Antardhana - 3,6281,2019-03-19,Pritha Kundu
29,Antardhama (Antardhaman),6283,2019-03-19,Pritha Kundu
55,Antarvedi,6285,2019-03-19,Pritha Kundu
266,Asmasari,6287,2019-03-20,Pritha Kundu
122,Asruvindumati,6289,2019-03-21,Pritha Kundu
182,Antarhitatma,6293,2019-03-22,Pritha Kundu
331,Antyaja,6297,2019-03-22,Pritha Kundu
119,Asita - 4,6299,2019-03-23,Pritha Kundu
129,Asikunda,6304,2019-03-23,Pritha Kundu
216,Asikni - 1,6306,2019-03-23,Pritha Kundu
246,Ashtayogini,6312,2019-03-23,Pritha Kundu
93,Upasanta,6314,2019-03-23,Pritha Kundu
27,Aya - 1,6318,2019-03-25,Pritha Kundu
25,Aya - 2,6321,2019-03-25,Pritha Kundu
17,Aya - 3,6323,2019-03-25,Pritha Kundu
34,Aya - 4,6325,2019-03-25,Pritha Kundu
23,Ayati,6327,2019-03-25,Pritha Kundu
54,Ayana -1,6330,2019-03-25,Pritha Kundu
19,Annada - 2,6332,2019-03-25,Pritha Kundu
61,Annada - 3,6334,2019-03-25,Pritha Kundu
19,Anwata,6337,2019-03-27,Pritha Kundu
68,Anwagbhanu,6339,2019-03-27,Pritha Kundu
3,Anvashtaka,6351,2019-03-30,Pritha Kundu
46,Anvadhana,6353,2019-03-30,Pritha Kundu
22,Annada - 4,6355,2019-03-30,Pritha Kundu
32,Anvaharya pachana,6357,2019-04-01,Pritha Kundu
33,Antyayana,6359,2019-04-02,Pritha Kundu
35,Antyasrama,6361,2019-04-02,Pritha Kundu
40,Andha - 1,6363,2019-04-02,Pritha Kundu
8,Andha - 2,6365,2019-04-02,Pritha Kundu
73,Andha - 3,6367,2019-04-02,Pritha Kundu
131,Anvaharya,6369,2019-04-02,Pritha Kundu
65,Andha - 4,6371,2019-04-03,Pritha Kundu
55,Andha - 5,6373,2019-04-03,Pritha Kundu
0,Anvaharyasthali,6380,2019-04-03,Pritha Kundu
53,Arvuda -2,6383,2019-04-08,Pritha Kundu
71,Arvuda-3,6385,2019-04-08,Pritha Kundu
14,Arvuda -4,6387,2019-04-08,Pritha Kundu
27,Arvuda-saraswati,6389,2019-04-08,Pritha Kundu
78,Arbhaka,6393,2019-04-08,Pritha Kundu
21,Alabha,6397,2019-04-08,Pritha Kundu
52,Alavdha,6401,2019-04-08,Pritha Kundu
133,Alamvatirtha,6404,2019-04-08,Pritha Kundu
7,Apasya,6406,2019-04-12,Pritha Kundu
41,Apitastani,6408,2019-04-12,Pritha Kundu
17,Apurana,6410,2019-04-12,Pritha Kundu
23,Apyaya,6412,2019-04-12,Pritha Kundu
10,Aprakasa,6414,2019-04-12,Pritha Kundu
14,Apratima - 1,6416,2019-04-12,Pritha Kundu
16,Apratima - 2,6419,2019-04-12,Pritha Kundu
22,Apratiratha -2,6421,2019-04-12,Pritha Kundu
22,Aprameya,6423,2019-04-12,Pritha Kundu
42,Upakshatra,5819,2019-01-31,Sanchayita Pal Chakraborty
16,Upakrishna,5821,2019-01-31,Sanchayita Pal Chakraborty
35,Upagupta,5823,2019-01-31,Sanchayita Pal Chakraborty
23,Upachiti,5825,2019-01-31,Sanchayita Pal Chakraborty
31,Upachitra - 1,5827,2019-01-31,Sanchayita Pal Chakraborty
37,Upachitra -2,5829,2019-01-31,Sanchayita Pal Chakraborty
2,Upachitra,5831,2019-01-31,Sanchayita Pal Chakraborty
40,Upajala,5833,2019-01-31,Sanchayita Pal Chakraborty
66,Ushna - 2,5874,2019-02-07,Sanchayita Pal Chakraborty
37,Ushna - 3,5876,2019-02-07,Sanchayita Pal Chakraborty
53,Udayana - 1,5895,2019-02-10,Sanchayita Pal Chakraborty
31,Udayana - 2,5897,2019-02-10,Sanchayita Pal Chakraborty
45,Udayendu,5899,2019-02-10,Sanchayita Pal Chakraborty
41,Udari,5901,2019-02-10,Sanchayita Pal Chakraborty
39,Udarenu,5903,2019-02-10,Sanchayita Pal Chakraborty
21,Udarshi,5905,2019-02-10,Sanchayita Pal Chakraborty
27,Udasrava,5907,2019-02-10,Sanchayita Pal Chakraborty
2,Udapi,5909,2019-02-10,Sanchayita Pal Chakraborty
28,Uluka - 5,5937,2019-02-13,Sanchayita Pal Chakraborty
9,Uluka - 6,5939,2019-02-13,Sanchayita Pal Chakraborty
40,Uluka - 7,5941,2019-02-13,Sanchayita Pal Chakraborty
39,Uluka - 8,5944,2019-02-13,Sanchayita Pal Chakraborty
27,Uluka - 9,5946,2019-02-13,Sanchayita Pal Chakraborty
33,Uluki,5948,2019-02-13,Sanchayita Pal Chakraborty
3,Ulukhala,5950,2019-02-13,Sanchayita Pal Chakraborty
3,Uluta,5952,2019-02-13,Sanchayita Pal Chakraborty
35,Ulupa,5954,2019-02-13,Sanchayita Pal Chakraborty
31,Uluka -2,6010,2019-02-21,Sanchayita Pal Chakraborty
59,Uluka - 3,6013,2019-02-21,Sanchayita Pal Chakraborty
146,Uluka - 4,6015,2019-02-21,Sanchayita Pal Chakraborty
19,Urvasa,6033,2019-02-23,Sanchayita Pal Chakraborty
22,Urmikunda,6035,2019-02-23,Sanchayita Pal Chakraborty
4,Ulala,6037,2019-02-23,Sanchayita Pal Chakraborty
99,Uluka - 1,6039,2019-02-23,Sanchayita Pal Chakraborty
12,Urvasiswaratirtha,6041,2019-02-23,Sanchayita Pal Chakraborty
162,Urvasiramana,6043,2019-02-23,Sanchayita Pal Chakraborty
34,Ulkamukha,6059,2019-02-25,Sanchayita Pal Chakraborty
38,Ulkamukhi,6061,2019-02-25,Sanchayita Pal Chakraborty
21,Ulwana,6063,2019-02-25,Sanchayita Pal Chakraborty
42,Ulmuka - 1,6065,2019-02-25,Sanchayita Pal Chakraborty
45,Ulmuka -2,6067,2019-02-25,Sanchayita Pal Chakraborty
51,Ulmuka - 3,6069,2019-02-25,Sanchayita Pal Chakraborty
52,Usangava,6073,2019-02-25,Sanchayita Pal Chakraborty
54,Upananda - 1,6093,2019-02-26,Sanchayita Pal Chakraborty
40,Upananda- 2,6095,2019-02-26,Sanchayita Pal Chakraborty
47,Upananda - 3,6097,2019-02-26,Sanchayita Pal Chakraborty
14,Upananda - 4,6099,2019-02-26,Sanchayita Pal Chakraborty
20,Udarshi,6140,2019-03-05,Sanchayita Pal Chakraborty
22,Udasrava,6142,2019-03-05,Sanchayita Pal Chakraborty
24,Udavasu -1,6144,2019-03-05,Sanchayita Pal Chakraborty
46,Udavasu - 2,6149,2019-03-05,Sanchayita Pal Chakraborty
20,Udavaha,6151,2019-03-05,Sanchayita Pal Chakraborty
41,Udavahi,6153,2019-03-05,Sanchayita Pal Chakraborty
54,Udavartta,6155,2019-03-05,Sanchayita Pal Chakraborty
24,Upatyaka,6168,2019-03-06,Sanchayita Pal Chakraborty
28,Upadanavi - 1,6170,2019-03-06,Sanchayita Pal Chakraborty
85,Upananda - 6,6172,2019-03-06,Sanchayita Pal Chakraborty
62,Udayi,6215,2019-03-12,Sanchayita Pal Chakraborty
39,Udayu,6217,2019-03-12,Sanchayita Pal Chakraborty
49,Udasi - 1,6219,2019-03-12,Sanchayita Pal Chakraborty
3,Udasi - 2,6221,2019-03-12,Sanchayita Pal Chakraborty
57,Udaradhi,6223,2019-03-12,Sanchayita Pal Chakraborty
19,Udaraksha,6225,2019-03-12,Sanchayita Pal Chakraborty
40,Uparimandala,6249,2019-03-15,Sanchayita Pal Chakraborty
34,Upalapa,6251,2019-03-15,Sanchayita Pal Chakraborty
53,Upavarhana,6253,2019-03-15,Sanchayita Pal Chakraborty
13,Upavarhina,6255,2019-03-15,Sanchayita Pal Chakraborty
16,Upavahyaka,6257,2019-03-15,Sanchayita Pal Chakraborty
24,Upavimva,6259,2019-03-15,Sanchayita Pal Chakraborty
11,Upamanyutirtha,6341,2019-03-29,Sanchayita Pal Chakraborty
17,Upamaya,6343,2019-03-29,Sanchayita Pal Chakraborty
42,Upamanyu -2,6346,2019-03-30,Sanchayita Pal Chakraborty
10,Upamanyu -3,6348,2019-03-30,Sanchayita Pal Chakraborty
9,Upendra,6976,2019-06-29,Sanchayita Pal Chakraborty
11,Upendra,6978,2019-06-29,Sanchayita Pal Chakraborty
55,Upasanga,6980,2019-06-29,Sanchayita Pal Chakraborty
33,Upavriddhi,6982,2019-06-29,Sanchayita Pal Chakraborty
38,Ubhakshaya,6984,2019-06-29,Sanchayita Pal Chakraborty
17,Ubhayajata,6986,2019-06-29,Sanchayita Pal Chakraborty
8,Ubhayasrishti,6988,2019-06-29,Sanchayita Pal Chakraborty
42,Upayaja,6990,2019-06-29,Sanchayita Pal Chakraborty
11,Upamanyu - 3,6992,2019-06-29,Sanchayita Pal Chakraborty
11,Upamanyutirtha,6994,2019-06-29,Sanchayita Pal Chakraborty
53,Umatunga,6997,2019-06-29,Sanchayita Pal Chakraborty
13,Umadevi,6999,2019-06-29,Sanchayita Pal Chakraborty
27,Ulukajit,7001,2019-06-29,Sanchayita Pal Chakraborty
17,Upasloka,7004,2019-06-30,Sanchayita Pal Chakraborty
67,Upahuta,7006,2019-06-30,Sanchayita Pal Chakraborty
16,Upaharini,7007,2019-06-30,Sanchayita Pal Chakraborty
19,Umlocha,7009,2019-06-30,Sanchayita Pal Chakraborty
17,Uruvalka,7011,2019-06-30,Sanchayita Pal Chakraborty
42,Umavrata,7013,2019-06-30,Sanchayita Pal Chakraborty
15,Urakama,7015,2019-06-30,Sanchayita Pal Chakraborty
35,Urvara,7017,2019-06-30,Sanchayita Pal Chakraborty
39,Uraga,7019,2019-06-30,Sanchayita Pal Chakraborty
0,Upasunda,7021,2019-06-30,Sanchayita Pal Chakraborty
3,Urukriya,7025,2019-06-30,Sanchayita Pal Chakraborty
74,Ai,7029,2019-07-12,Sanchayita Pal Chakraborty
35,Aishaki - 1,7031,2019-07-12,Sanchayita Pal Chakraborty
31,Aishaki - 3,7033,2019-07-12,Sanchayita Pal Chakraborty
24,Aishaki - 4,7036,2019-07-12,Sanchayita Pal Chakraborty
98,Aishaki - 2,7038,2019-07-12,Sanchayita Pal Chakraborty
18,Audumvari,7132,2019-07-22,Sanchayita Pal Chakraborty
11,Audyanakatirtha,7134,2019-07-22,Sanchayita Pal Chakraborty
12,Urusringa,7172,2019-07-27,Sanchayita Pal Chakraborty
23,Urusrava,7174,2019-07-27,Sanchayita Pal Chakraborty
68,Urva,7176,2019-07-27,Sanchayita Pal Chakraborty
9, Aushadha,7178,2019-07-31,Sanchayita Pal Chakraborty
24,Aushadhi,7181,2019-07-31,Sanchayita Pal Chakraborty
3,Aupadanavi,7183,2019-07-31,Sanchayita Pal Chakraborty
28,Audbhida - 1,7185,2019-07-31,Sanchayita Pal Chakraborty
8,Utkala - 6,7187,2019-07-31,Sanchayita Pal Chakraborty
12,Utkura,7189,2019-07-31,Sanchayita Pal Chakraborty
16,Utpalakshi - 1,7195,2019-08-01,Sanchayita Pal Chakraborty
15,Utpalakshi - 2,7197,2019-08-01,Sanchayita Pal Chakraborty
22,Aindri - 2,7209,2019-08-02,Sanchayita Pal Chakraborty
16,Aindri - 3,7213,2019-08-02,Sanchayita Pal Chakraborty
12,Aindri -4,7215,2019-08-02,Sanchayita Pal Chakraborty
21,Aindri - 5,7217,2019-08-02,Sanchayita Pal Chakraborty
3,Aindri - 6,7219,2019-08-02,Sanchayita Pal Chakraborty
19,Aidabida - 1,7221,2019-08-02,Sanchayita Pal Chakraborty
26,Aidhana,7223,2019-08-02,Sanchayita Pal Chakraborty
14,Aidavida - 2,7225,2019-08-02,Sanchayita Pal Chakraborty
2,Aidavila,7227,2019-08-02,Sanchayita Pal Chakraborty
107,Aikshwaki - 2,7229,2019-08-02,Sanchayita Pal Chakraborty
28,Aidirava,7231,2019-08-02,Sanchayita Pal Chakraborty
13,Ugradhanva,7244,2019-08-06,Sanchayita Pal Chakraborty
2,Ugrayayi,7246,2019-08-06,Sanchayita Pal Chakraborty
38,Ugrareta,7248,2019-08-06,Sanchayita Pal Chakraborty
38,Ugrayudha - 2,7250,2019-08-06,Sanchayita Pal Chakraborty
34,Eraka 2,7314,2019-08-21,Sanchayita Pal Chakraborty
51,Ailavila,7316,2019-08-21,Sanchayita Pal Chakraborty
37,Aindra 2,7318,2019-08-21,Sanchayita Pal Chakraborty
37,Ailika,7320,2019-08-21,Sanchayita Pal Chakraborty
49,Aupagava,7322,2019-08-21,Sanchayita Pal Chakraborty
49,Aupaloma,7324,2019-08-21,Sanchayita Pal Chakraborty
49,Aupasthala,7326,2019-08-21,Sanchayita Pal Chakraborty
23,Aurasa,7328,2019-08-21,Sanchayita Pal Chakraborty
33,Audbhida 2,7330,2019-08-21,Sanchayita Pal Chakraborty
34,Aushnika,7332,2019-08-21,Sanchayita Pal Chakraborty
17,Ugrakarma 1,7343,2019-08-25,Sanchayita Pal Chakraborty
28,Ugrakarma 2,7345,2019-08-25,Sanchayita Pal Chakraborty
44,Ugrakarma 3,7347,2019-08-25,Sanchayita Pal Chakraborty
3,Ugrakhastriya,7349,2019-08-25,Sanchayita Pal Chakraborty
15,Ugrasena 2,7351,2019-08-25,Sanchayita Pal Chakraborty
3,Ugraseni,7353,2019-08-25,Sanchayita Pal Chakraborty
16,Ugra 1,7355,2019-08-25,Sanchayita Pal Chakraborty
11,Ugra 2,7357,2019-08-25,Sanchayita Pal Chakraborty
68,Ugrasena,7359,2019-08-25,Sanchayita Pal Chakraborty
45,Ugra 10,7361,2019-08-26,Sanchayita Pal Chakraborty
22,Ugreswartirtha,7365,2019-09-30,Sanchayita Pal Chakraborty
41,Utathya 2,7367,2019-08-26,Sanchayita Pal Chakraborty
45,Utathya 3,7370,2019-08-26,Sanchayita Pal Chakraborty
5,Uttarbhadrapada,7372,2019-08-26,Sanchayita Pal Chakraborty
16,Uttarkuru,7496,2019-09-23,Sanchayita Pal Chakraborty
51,Uttarjyotisha,7498,2019-09-23,Sanchayita Pal Chakraborty
7,Uttarphalguni,7500,2019-09-23,Sanchayita Pal Chakraborty
1,Uttarvedi,7502,2019-09-23,Sanchayita Pal Chakraborty
7,Uttara 2,7505,2019-09-23,Sanchayita Pal Chakraborty
12,Udbhrama,7507,2019-09-23,Sanchayita Pal Chakraborty
28,Udgala,7509,2019-09-23,Sanchayita Pal Chakraborty
51,Udgaha,7511,2019-09-23,Sanchayita Pal Chakraborty
24,Udagra 2,7513,2019-09-23,Sanchayita Pal Chakraborty
36,Unmatta,7532,2019-09-27,Sanchayita Pal Chakraborty
22,Utpalavartaka,7574,2019-09-30,Sanchayita Pal Chakraborty
3,Utpalavarta,7590,2019-09-30,Sanchayita Pal Chakraborty
29,Upaguru,7676,2019-10-29,Sanchayita Pal Chakraborty
11,Upanidhi,7714,2019-10-31,Sanchayita Pal Chakraborty
45,Ugrayudha 4,7732,2019-10-31,Sanchayita Pal Chakraborty
22,Udbhida - 2,7536,2019-09-27,Sanchayita Pal Chakraborty
2,Udacana,7556,2019-09-29,Sanchayita Pal Chakraborty
17,Anekamurti,7575,2019-09-30,Sanchayita Pal Chakraborty
67,Utpataktirtha,7592,2019-09-30,Sanchayita Pal Chakraborty
33,Upadanavi 2,7679,2019-10-30,Sanchayita Pal Chakraborty
47,Amitrajit - 1,7699,2019-10-31,Sanchayita Pal Chakraborty
29,Upalambha,7716,2019-10-31,Sanchayita Pal Chakraborty
43,Ugrayudha 5,7734,2019-10-31,Sanchayita Pal Chakraborty
40,Aisani,7538,2019-09-28,Sanchayita Pal Chakraborty
51,Udagraja,7558,2019-09-29,Sanchayita Pal Chakraborty
2,Anekakshatravaddha,7577,2019-09-30,Sanchayita Pal Chakraborty
20,Utsarga,7594,2019-09-30,Sanchayita Pal Chakraborty
39,Upadanavi 3,7681,2019-10-30,Sanchayita Pal Chakraborty
66,Amitrajit - 2,7701,2019-10-31,Sanchayita Pal Chakraborty
22,Amvarisha - 4,7718,2019-10-31,Sanchayita Pal Chakraborty
33,Uttamouja 2,7736,2019-10-31,Sanchayita Pal Chakraborty
68,Aiswarya,7540,2019-09-28,Sanchayita Pal Chakraborty
27,Andhakara - 1,7561,2019-09-30,Sanchayita Pal Chakraborty
43,Aneka,7579,2019-09-30,Sanchayita Pal Chakraborty
11,Udumlana,7596,2019-09-30,Sanchayita Pal Chakraborty
49,Udichi,7666,2019-10-29,Sanchayita Pal Chakraborty
20,Upadeva 1,7684,2019-10-30,Sanchayita Pal Chakraborty
2,Anupapati - 1,7703,2019-10-31,Sanchayita Pal Chakraborty
11,Upasantasivatirtha,7719,2019-10-31,Sanchayita Pal Chakraborty
28,Uttamouja 3,7738,2019-10-31,Sanchayita Pal Chakraborty
99,Airavati,7542,2019-09-28,Sanchayita Pal Chakraborty
38,Andhakara - 2,7563,2019-09-30,Sanchayita Pal Chakraborty
26,Antari,7581,2019-09-30,Sanchayita Pal Chakraborty
55,Udumvara 1,7668,2019-10-29,Sanchayita Pal Chakraborty
12,Upadeva 2,7686,2019-10-30,Sanchayita Pal Chakraborty
29,Anupapati - 2,7705,2019-10-31,Sanchayita Pal Chakraborty
20,Amvara - 1,7722,2019-10-31,Sanchayita Pal Chakraborty
24,Uchchaisraba 2,7545,2019-09-29,Sanchayita Pal Chakraborty
4,Andhraka - 1,7565,2019-09-30,Sanchayita Pal Chakraborty
24,Antakala,7583,2019-09-30,Sanchayita Pal Chakraborty
11,Udumvara 3,7670,2019-10-29,Sanchayita Pal Chakraborty
3,Upadevi,7688,2019-10-30,Sanchayita Pal Chakraborty
18,Anudara (Anudaya),7707,2019-10-31,Sanchayita Pal Chakraborty
16,Amvara - 2,7726,2019-10-31,Sanchayita Pal Chakraborty
23,Ucchikha,7549,2019-09-29,Sanchayita Pal Chakraborty
4,Andhraka - 2,7567,2019-09-30,Sanchayita Pal Chakraborty
15,Antaka - 5,7585,2019-09-30,Sanchayita Pal Chakraborty
30,Udumvari,7672,2019-10-29,Sanchayita Pal Chakraborty
45,Upamangu,7710,2019-10-31,Sanchayita Pal Chakraborty
30,Utkrosha 2,7727,2019-10-31,Sanchayita Pal Chakraborty
39,Utkacha,7551,2019-09-29,Sanchayita Pal Chakraborty
20,Andhravaka,7569,2019-09-30,Sanchayita Pal Chakraborty
32,Antara,7587,2019-09-30,Sanchayita Pal Chakraborty
52,Uddala,7674,2019-10-29,Sanchayita Pal Chakraborty
15,Upabena,7712,2019-10-31,Sanchayita Pal Chakraborty
19,Urvasipulina,7730,2019-10-31,Sanchayita Pal Chakraborty
57,Udbhida - 1,7534,2019-09-27,Sanchayita Pal Chakraborty
10,Udanka,7554,2019-09-29,Sanchayita Pal Chakraborty
44,Utkala 5,7572,2019-09-30,Sanchayita Pal Chakraborty
31,Ushaksha,6566,2019-04-27,Sanchayita Pal Chakraborty
39,Ushita,6568,2019-04-27,Sanchayita Pal Chakraborty
13,Ushtrajihva,6570,2019-04-27,Sanchayita Pal Chakraborty
25,Ushtramukha,6572,2019-04-27,Sanchayita Pal Chakraborty
35,Ucchrita,6768,2019-05-30,Sanchayita Pal Chakraborty
16,Uccheshanada,6770,2019-05-30,Sanchayita Pal Chakraborty
59,Ujjantaparvata,6772,2019-05-30,Sanchayita Pal Chakraborty
66,Ujjanakatirtha,6774,2019-05-30,Sanchayita Pal Chakraborty
75,U,5394,2018-12-13,Sanchayita Pal Chakraborty
44,Ukta,5396,2018-12-13,Sanchayita Pal Chakraborty
37,Uktha - 1,5398,2018-12-13,Sanchayita Pal Chakraborty
29,Ugra - 1,5400,2018-12-13,Sanchayita Pal Chakraborty
69,Ugra - 2,5433,2018-12-17,Sanchayita Pal Chakraborty
28,Ugra - 3,5435,2018-12-17,Sanchayita Pal Chakraborty
38,Ugra - 4,5437,2018-12-17,Sanchayita Pal Chakraborty
40,Udvalayana,5490,2018-12-23,Sanchayita Pal Chakraborty
43,Udvaha,5492,2018-12-23,Sanchayita Pal Chakraborty
27,Udbhava - 1,5494,2018-12-23,Sanchayita Pal Chakraborty
31,Udbhava - 2,5496,2018-12-23,Sanchayita Pal Chakraborty
34,Udbhasa,5498,2018-12-23,Sanchayita Pal Chakraborty
330,Ukthya - 2,5500,2018-12-25,Sanchayita Pal Chakraborty
83,Ukthya - 3,5502,2018-12-25,Sanchayita Pal Chakraborty
33,Ugra - 6,5504,2018-12-25,Sanchayita Pal Chakraborty
33,Ugra - 7,5506,2018-12-25,Sanchayita Pal Chakraborty
54,Ugra - 8,5508,2018-12-25,Sanchayita Pal Chakraborty
25,Ugra - 9,5510,2018-12-25,Sanchayita Pal Chakraborty
16,Uttanavarhi,5543,2018-12-31,Sanchayita Pal Chakraborty
12,Uttarana,5545,2018-12-31,Sanchayita Pal Chakraborty
23,Uttejani,5547,2018-12-31,Sanchayita Pal Chakraborty
2,Utthanasakti,5549,2018-12-31,Sanchayita Pal Chakraborty
40,Uttamaka,5552,2019-01-02,Sanchayita Pal Chakraborty
31,Uttamapura,5554,2019-01-02,Sanchayita Pal Chakraborty
11,Uttamarna,5557,2019-01-02,Sanchayita Pal Chakraborty
24,Utsaha,5559,2019-01-02,Sanchayita Pal Chakraborty
12,Utsuka,5562,2019-01-02,Sanchayita Pal Chakraborty
19,Ugrasya,5564,2019-01-02,Sanchayita Pal Chakraborty
43,Ugratapa,5632,2019-01-09,Sanchayita Pal Chakraborty
42,Ugratirtha,5634,2019-01-09,Sanchayita Pal Chakraborty
7,Uttarashada,5636,2019-01-09,Sanchayita Pal Chakraborty
27,Uttari,5638,2019-01-09,Sanchayita Pal Chakraborty
34,Uttareswaratirtha,5640,2019-01-09,Sanchayita Pal Chakraborty
12,Ugratirtha - 2,5642,2019-01-09,Sanchayita Pal Chakraborty
14,Unnata - 1,5644,2019-01-11,Sanchayita Pal Chakraborty
51,Unnata - 2,5646,2019-01-11,Sanchayita Pal Chakraborty
23,Unnata - 3,5648,2019-01-11,Sanchayita Pal Chakraborty
14,Unnata - 4,5650,2019-01-11,Sanchayita Pal Chakraborty
28,Unnata - 5,5652,2019-01-11,Sanchayita Pal Chakraborty
26,Unnati,5654,2019-01-11,Sanchayita Pal Chakraborty
29,Unneta,5656,2019-01-11,Sanchayita Pal Chakraborty
42,Utkala,5658,2019-01-11,Sanchayita Pal Chakraborty
21,Utkrathini,5660,2019-01-11,Sanchayita Pal Chakraborty
40,Ugradranstra,5706,2019-01-17,Sanchayita Pal Chakraborty
25,Ugradranstri,5708,2019-01-17,Sanchayita Pal Chakraborty
20,Ugradrishti,5710,2019-01-17,Sanchayita Pal Chakraborty
64,Uttama - 6,5713,2019-01-17,Sanchayita Pal Chakraborty
42,Uttama - 7,5715,2019-01-17,Sanchayita Pal Chakraborty
11,Uttama - 8,5717,2019-01-17,Sanchayita Pal Chakraborty
18,Ujjvala,5719,2019-01-17,Sanchayita Pal Chakraborty
3,Unchavritti,5721,2019-01-17,Sanchayita Pal Chakraborty
15,Unjika,5723,2019-01-17,Sanchayita Pal Chakraborty
32,Uddiyana,5725,2019-01-17,Sanchayita Pal Chakraborty
31,Uttama -3,5746,2019-01-22,Sanchayita Pal Chakraborty
14,Uttama - 4,5749,2019-01-22,Sanchayita Pal Chakraborty
34,Uttama - 5,5751,2019-01-22,Sanchayita Pal Chakraborty
10,Udbrahma,5753,2019-01-22,Sanchayita Pal Chakraborty
32,Uda,5755,2019-01-22,Sanchayita Pal Chakraborty
32,Udaksena,5757,2019-01-22,Sanchayita Pal Chakraborty
23,Udaka - 1,5759,2019-01-22,Sanchayita Pal Chakraborty
19,Udaka - 2,5761,2019-01-22,Sanchayita Pal Chakraborty
39,Udita,5763,2019-01-22,Sanchayita Pal Chakraborty
12,Udirna,5766,2019-01-22,Sanchayita Pal Chakraborty
